[
  {
    "id": "dedcf07e-a082-4a28-a3a3-3fa107eedaf4",
    "data": [
      {
        "text": "what can I see near ",
        "userDefined": false
      },
      {
        "text": "T1",
        "alias": "airport-location",
        "meta": "@airport-location",
        "userDefined": true
      },
      {
        "text": "?",
        "userDefined": false
      }
    ],
    "isTemplate": false,
    "count": 0,
    "updated": 0
  },
  {
    "id": "2f809b18-cbcb-415b-8b30-9518ec3b6739",
    "data": [
      {
        "text": "interesting things near ",
        "userDefined": false
      },
      {
        "text": "T1",
        "alias": "airport-location",
        "meta": "@airport-location",
        "userDefined": true
      }
    ],
    "isTemplate": false,
    "count": 0,
    "updated": 0
  },
  {
    "id": "3271026c-bee2-4ba2-a857-b9d718aaf94b",
    "data": [
      {
        "text": "things to see near ",
        "userDefined": false
      },
      {
        "text": "T1",
        "alias": "airport-location",
        "meta": "@airport-location",
        "userDefined": true
      }
    ],
    "isTemplate": false,
    "count": 0,
    "updated": 0
  },
  {
    "id": "bd298d09-1175-44e1-92c7-8f44798296b3",
    "data": [
      {
        "text": "attractions near ",
        "userDefined": false
      },
      {
        "text": "T1",
        "alias": "airport-location",
        "meta": "@airport-location",
        "userDefined": true
      }
    ],
    "isTemplate": false,
    "count": 0,
    "updated": 0
  },
  {
    "id": "f0412caa-961f-4b28-bb74-b1e109bcf90b",
    "data": [
      {
        "text": "show me attractions at ",
        "userDefined": false
      },
      {
        "text": "T1",
        "alias": "airport-location",
        "meta": "@airport-location",
        "userDefined": true
      }
    ],
    "isTemplate": false,
    "count": 0,
    "updated": 0
  }
]